region,region_en,major_code,major_category,decade,recommendation_index,recommendation_share,change_vs_2026,ai_impact_factor,trend_factor,structural_factor,narrative_zh,narrative_en
中国,China,TECH,信息技术与数字化,2026,6.52,9.5,0.0,0.0,0.0,0.0,AI/半导体国产化热潮，高端人才极度稀缺,"AI/semiconductor localization boom, extreme talent shortage"
中国,China,FIN,金融与商业,2026,6.14,8.94,0.0,0.0,0.0,0.0,金融科技快速渗透，传统银行柜员大幅减少,"Fintech rapid penetration, traditional bank tellers decline sharply"
中国,China,EDU,教育与学术,2026,6.06,8.83,0.0,0.0,0.0,0.0,双减政策调整后教培重组，在线教育高速发展,"Post-regulation restructuring, online education rapid growth"
中国,China,MED,医疗与健康,2026,6.01,8.75,0.0,0.0,0.0,0.0,老龄化初期+后疫情公卫投入，医疗人才需求上升,Early aging + post-pandemic public health investment drives demand
中国,China,ENG,工程与制造,2026,5.98,8.71,0.0,0.0,0.0,0.0,新能源/芯片/航空航天工程师极度紧缺,Extreme shortage in new energy/chip/aerospace engineers
中国,China,SKL,技术工种与手工业,2026,5.61,8.17,0.0,0.0,0.0,0.0,技工荒持续，高级技师供不应求,"Skilled worker shortage continues, senior technicians in high demand"
中国,China,ART,文化、艺术与传媒,2026,5.59,8.14,0.0,0.0,0.0,0.0,短视频/直播经济带动内容创作就业,Short video/live streaming drives content creation employment
中国,China,LAW,法律与社会服务,2026,5.58,8.13,0.0,0.0,0.0,0.0,法律AI开始替代文书审查和合同审查初级岗位,Legal AI begins replacing document review and junior contract roles
中国,China,SVC,服务业与消费,2026,5.36,7.81,0.0,0.0,0.0,0.0,平台经济重构服务业，灵活就业占比上升,"Platform economy restructures services, flexible employment share rises"
中国,China,TRA,交通运输与物流,2026,5.33,7.76,0.0,0.0,0.0,0.0,网约车/即时配送支撑巨大就业，但自动驾驶开始测试,"Ride-hailing/instant delivery support massive employment, autonomous driving testing"
中国,China,AGR,农业、资源与环境,2026,5.25,7.65,0.0,0.0,0.0,0.0,精准农业起步，传统农业仍占主导,"Precision agriculture starting, traditional farming still dominant"
中国,China,GOV,公共管理与公务员,2026,5.22,7.6,0.0,0.0,0.0,0.0,公务员稳定性高，竞争激烈但发展空间有限,"Civil service highly stable, competitive but limited growth"
中国,China,TECH,信息技术与数字化,2035,7.73,10.44,1.21,0.0077,0.4575,0.8,AI基础编程岗被自动化取代，高端架构与AI安全需求激增,"Basic coding automated, surge in AI architecture and safety roles"
中国,China,MED,医疗与健康,2035,7.01,9.47,1.0,0.0,0.3953,0.6,65岁以上人口突破3亿，养老护理与慢病管理爆发式增长,"300M+ seniors, elderly care and chronic disease management explode"
中国,China,ENG,工程与制造,2035,6.76,9.13,0.78,0.0,0.3786,0.4,智能制造升级，传统产线工程师减少，绿色工程崛起,"Smart manufacturing upgrade, traditional line engineers decline, green engineering rises"
中国,China,EDU,教育与学术,2035,6.68,9.02,0.62,0.0,0.326,0.3,AI个性化教学普及，教师角色转向导师与情感支持,"AI personalized teaching widespread, teachers shift to mentoring and emotional support"
中国,China,SKL,技术工种与手工业,2035,6.37,8.61,0.76,0.0,0.2546,0.5,智能工具辅助提升技工效率，但核心手艺不可替代,"Smart tools boost skilled worker efficiency, but core craftsmanship irreplaceable"
中国,China,ART,文化、艺术与传媒,2035,6.22,8.4,0.63,0.0,0.324,0.3,AI生成内容泛滥，人类创意价值反而凸显,"AI-generated content floods market, human creativity value actually rises"
中国,China,FIN,金融与商业,2035,5.98,8.08,-0.16,0.015,0.3365,-0.4,AI量化交易主导，人工分析师仅限高端策略与合规,"AI quant trading dominates, human analysts only for strategy and compliance"
中国,China,SVC,服务业与消费,2035,5.98,8.08,0.62,0.0,0.2204,0.4,养老/家政/护理需求激增，服务机器人初步辅助,"Elderly/domestic/care demand surges, service robots begin assisting"
中国,China,LAW,法律与社会服务,2035,5.7,7.7,0.12,0.0,0.2168,-0.1,智能合约与AI仲裁兴起，诉讼律师需求下降,"Smart contracts and AI arbitration rise, litigation lawyer demand falls"
中国,China,AGR,农业、资源与环境,2035,5.48,7.4,0.23,0.0081,0.1685,0.1,智慧农业技术推广，农业人口持续转移,"Smart agriculture tech adoption, rural-to-urban migration continues"
中国,China,GOV,公共管理与公务员,2035,5.07,6.85,-0.15,0.0014,0.0474,-0.2,数字政务减少行政岗，政策分析与AI治理岗增加,"Digital government reduces admin, policy analysis and AI governance roles grow"
中国,China,TRA,交通运输与物流,2035,5.04,6.81,-0.29,0.0127,0.2807,-0.5,L4自动驾驶商用化，出租车/货运司机大量失业,"L4 autonomous driving commercialized, massive taxi/truck driver unemployment"
中国,China,TECH,信息技术与数字化,2045,7.98,10.6,1.46,0.0477,0.7743,1.0,技术全面渗透各行业，纯IT岗位收缩，跨界复合型人才主导,"Tech permeates all sectors, pure IT shrinks, cross-domain talent dominates"
中国,China,MED,医疗与健康,2045,7.83,10.4,1.82,0.0076,0.6689,1.2,AI辅助诊疗普及，医生角色转向复杂决策与人文关怀,"AI-assisted diagnosis widespread, doctors shift to complex decisions and empathy"
中国,China,EDU,教育与学术,2045,7.11,9.44,1.05,0.0,0.5516,0.5,终身学习成为刚需，企业培训与技能再造市场爆发,"Lifelong learning becomes essential, corporate training market explodes"
中国,China,ENG,工程与制造,2045,6.86,9.11,0.88,0.009,0.6407,0.3,碳中和目标推动大规模基础设施改造，工程需求阶段性高峰,"Carbon neutrality drives massive infrastructure renovation, engineering demand peaks"
中国,China,SKL,技术工种与手工业,2045,6.85,9.1,1.24,0.0,0.4309,0.8,老龄化加剧技工荒，薪资水平显著上升,"Aging worsens skilled worker shortage, wages rise significantly"
中国,China,ART,文化、艺术与传媒,2045,6.52,8.66,0.93,0.0043,0.5484,0.4,虚拟现实/元宇宙催生新型艺术形态和大量岗位,VR/metaverse creates new art forms and numerous positions
中国,China,SVC,服务业与消费,2045,6.51,8.65,1.15,0.0051,0.373,0.8,护理经济成为最大就业增长点之一,Care economy becomes one of the largest employment growth areas
中国,China,LAW,法律与社会服务,2045,5.65,7.51,0.07,0.0,0.3669,-0.3,AI法律顾问普及，人工律师聚焦复杂跨境和新型纠纷,"AI legal advisors widespread, human lawyers focus on complex cross-border disputes"
中国,China,FIN,金融与商业,2045,5.52,7.33,-0.62,0.0639,0.5695,-0.8,数字人民币生态成熟，支付/清算岗位消失，风控复杂度升级,"Digital RMB ecosystem mature, payment roles vanish, risk control complexity rises"
中国,China,AGR,农业、资源与环境,2045,5.49,7.29,0.24,0.0466,0.2852,0.2,垂直农场与基因编辑作物改变农业格局,Vertical farms and gene-edited crops transform agriculture
中国,China,GOV,公共管理与公务员,2045,4.68,6.22,-0.54,0.0245,0.0802,-0.5,AI行政审批普及，窗口服务岗位大幅压缩,"AI administrative approval widespread, service window roles sharply reduced"
中国,China,TRA,交通运输与物流,2045,4.28,5.69,-1.05,0.0611,0.475,-1.2,自动驾驶全面普及，驾驶类岗位接近消失，物流管理转型,"Autonomous driving ubiquitous, driving jobs near extinction, logistics management transforms"
中国,China,MED,医疗与健康,2055,8.57,11.29,2.56,0.0125,0.8349,1.8,基因治疗/精准医学成熟，新型医学岗位大量涌现,"Gene therapy/precision medicine mature, new medical roles emerge en masse"
中国,China,TECH,信息技术与数字化,2055,7.7,10.15,1.18,0.06,0.9664,0.6,AI商品化完成，技术门槛降低，创新型与伦理治理岗成新蓝海,"AI commoditized, lower barriers, innovation and ethics governance as new blue ocean"
中国,China,SKL,技术工种与手工业,2055,7.15,9.42,1.54,0.0,0.5378,1.0,工业机器人承担重复性任务，高端维修/定制成为主流,"Industrial robots handle repetitive tasks, high-end repair/custom becomes mainstream"
中国,China,EDU,教育与学术,2055,7.14,9.41,1.08,0.0,0.6885,0.4,教育内容AI自动生成，教育者聚焦创造力与批判思维培养,"AI auto-generates content, educators focus on creativity and critical thinking"
中国,China,SVC,服务业与消费,2055,6.98,9.2,1.62,0.0085,0.4656,1.2,服务业AI辅助全面普及，人类聚焦情感与个性化服务,"Service AI assistance widespread, humans focus on emotional and personalized service"
中国,China,ENG,工程与制造,2055,6.49,8.55,0.51,0.0139,0.7997,-0.2,制造业自动化接近极限，工程师转向设计/创新/维护,"Manufacturing automation near limit, engineers shift to design/innovation/maintenance"
中国,China,ART,文化、艺术与传媒,2055,6.44,8.49,0.85,0.007,0.6845,0.2,人工vs AI创作边界模糊，策展/审美/文化解读仍需人类,"Human vs AI creation boundaries blur, curation/aesthetics need humans"
中国,China,LAW,法律与社会服务,2055,5.84,7.7,0.26,0.0,0.4579,-0.2,法律服务平民化，高端法律创新与伦理咨询成增长点,"Legal services democratized, high-end legal innovation and ethics consulting grow"
中国,China,FIN,金融与商业,2055,5.8,7.64,-0.34,0.0734,0.7108,-0.6,金融岗位大幅精简，但资产管理与跨境合规仍需人工,"Financial roles sharply reduced, but asset management and cross-border compliance need humans"
中国,China,AGR,农业、资源与环境,2055,5.4,7.12,0.15,0.0577,0.356,0.1,农业高度自动化，就业人数极少但技术含量极高,"Agriculture highly automated, very few workers but very high tech"
中国,China,GOV,公共管理与公务员,2055,4.34,5.72,-0.88,0.0347,0.1001,-0.8,政府组织扁平化，公务员总量持续下降,"Government flattening, total civil servant numbers continue declining"
中国,China,TRA,交通运输与物流,2055,4.04,5.32,-1.29,0.0727,0.5929,-1.5,低空经济和无人配送成熟，交通系统全面智能化,"Low-altitude economy and drone delivery mature, transport fully intelligent"
中国,China,MED,医疗与健康,2065,9.07,11.89,3.06,0.0125,0.9356,2.2,超老龄社会，医疗健康成第一大就业领域,"Super-aged society, healthcare becomes #1 employment sector"
中国,China,TECH,信息技术与数字化,2065,7.51,9.84,0.99,0.06,1.0829,0.3,量子计算/脑机接口催生新岗位，但整体技术就业趋于平稳,"Quantum/BCI creates new roles, but overall tech employment plateaus"
中国,China,SVC,服务业与消费,2065,7.34,9.62,1.98,0.0085,0.5217,1.5,体验经济与情感经济主导消费，服务业高端化,"Experience and emotional economy dominate consumption, services go upscale"
中国,China,EDU,教育与学术,2065,7.13,9.35,1.07,0.0,0.7715,0.3,教育与工作边界模糊，学习型组织成为主流,"Education-work boundaries blur, learning organizations become mainstream"
中国,China,SKL,技术工种与手工业,2065,7.02,9.2,1.41,0.0,0.6027,0.8,技工岗位精英化，收入接近工程师水平,"Skilled trades become elite, income approaches engineer level"
中国,China,ART,文化、艺术与传媒,2065,6.32,8.28,0.73,0.007,0.767,0.0,文化消费占GDP比重上升，但AI辅助大幅提升个人产出,"Cultural spending GDP share rises, but AI greatly boosts individual output"
中国,China,ENG,工程与制造,2065,6.29,8.24,0.31,0.0139,0.8961,-0.5,传统工程岗持续萎缩，太空/深海/新材料成新前沿,"Traditional engineering shrinks, space/deep-sea/new materials as frontier"
中国,China,LAW,法律与社会服务,2065,6.1,8.0,0.52,0.0,0.5132,0.0,法律与科技深度融合，新型法律领域(太空法/AI法)兴起,"Law-tech deep integration, new legal fields (space law/AI law) emerge"
中国,China,FIN,金融与商业,2065,6.09,7.98,-0.05,0.0734,0.7965,-0.4,AI监管沙盒全面运行，金融治理型人才需求回升,"AI regulatory sandboxes fully operational, financial governance talent demand recovers"
中国,China,AGR,农业、资源与环境,2065,5.25,6.88,0.0,0.0577,0.3989,-0.1,食品安全与生态治理成农业主要就业方向,Food safety and ecological governance become main agricultural employment
中国,China,GOV,公共管理与公务员,2065,4.16,5.45,-1.06,0.0347,0.1122,-1.0,公共治理复杂度升级，高端政策制定者不可替代,"Public governance complexity rises, senior policymakers irreplaceable"
中国,China,TRA,交通运输与物流,2065,4.01,5.26,-1.32,0.0727,0.6644,-1.6,交通基础设施运维自动化，仅剩少量高端调度与应急岗位,"Transport infrastructure O&M automated, only senior dispatch and emergency roles remain"
中国,China,MED,医疗与健康,2076,9.44,12.34,3.43,0.0125,1.0013,2.5,人均寿命接近90，终身健康管理成为基础服务,"Life expectancy near 90, lifelong health management as basic service"
中国,China,SVC,服务业与消费,2076,7.57,9.89,2.21,0.0085,0.5584,1.7,服务业是人类就业最大领域，深度个性化与心理疗愈为主,"Services largest human employment sector, deep personalization and mental healing dominate"
中国,China,TECH,信息技术与数字化,2076,7.39,9.66,0.87,0.06,1.1589,0.1,技术完全融入社会基础设施，独立技术岗少但附加值极高,"Tech fully integrated into infrastructure, fewer standalone roles but very high value"
中国,China,EDU,教育与学术,2076,7.08,9.25,1.02,0.0,0.8257,0.2,脑机接口可能变革学习方式，传统教育模式根本转型,"BCI may transform learning, fundamental transformation of traditional education"
中国,China,SKL,技术工种与手工业,2076,6.86,8.96,1.25,0.0,0.645,0.6,传统手工艺成为文化遗产级稀缺技能,Traditional craftsmanship becomes cultural heritage-level scarce skill
中国,China,ART,文化、艺术与传媒,2076,6.28,8.21,0.69,0.007,0.8208,-0.1,艺术成为人类身份认同核心，就业形态高度个体化,"Art becomes core of human identity, employment highly individualized"
中国,China,FIN,金融与商业,2076,6.24,8.15,0.1,0.0734,0.8524,-0.3,金融与AI深度融合，人类角色聚焦信任/伦理/关系维护,"Finance-AI deep integration, human roles focus on trust/ethics/relationship"
中国,China,LAW,法律与社会服务,2076,6.23,8.14,0.65,0.0,0.5492,0.1,法律框架需要根本性重构以适应后人类时代,Legal frameworks need fundamental reconstruction for post-human era
中国,China,ENG,工程与制造,2076,6.15,8.04,0.17,0.0139,0.959,-0.7,工程学高度跨学科化，纯机械/电气岗位稀少,"Engineering highly interdisciplinary, pure mechanical/electrical roles rare"
中国,China,AGR,农业、资源与环境,2076,5.18,6.77,-0.07,0.0577,0.4269,-0.2,合成生物学可能颠覆传统农业模式,Synthetic biology may disrupt traditional agriculture models
中国,China,TRA,交通运输与物流,2076,4.15,5.42,-1.18,0.0727,0.711,-1.5,超级高铁/飞行汽车催生极小量新型运维岗,Hyperloop/flying cars create very few new O&M roles
中国,China,GOV,公共管理与公务员,2076,3.96,5.17,-1.26,0.0347,0.12,-1.2,政府功能AI化程度极高，人类公务员精英化,"Government functions highly AI-driven, human civil servants become elite"
亚洲,Asia (East+SE+South+Central-West),TECH,信息技术与数字化,2026,6.37,9.4,0.0,0.0,0.0,0.0,印度/东南亚IT外包高速增长，数字经济基础设施建设加速,"India/SE Asia IT outsourcing booming, digital infrastructure accelerating"
亚洲,Asia (East+SE+South+Central-West),MED,医疗与健康,2026,6.0,8.86,0.0,0.0,0.0,0.0,南亚/东南亚医疗基础设施扩建，医护人才缺口巨大,"South/SE Asia healthcare infrastructure expansion, massive healthcare talent gap"
亚洲,Asia (East+SE+South+Central-West),FIN,金融与商业,2026,5.97,8.81,0.0,0.0,0.0,0.0,亚洲金融科技领先全球，移动支付已普及,"Asian fintech leads globally, mobile payments already universal"
亚洲,Asia (East+SE+South+Central-West),EDU,教育与学术,2026,5.88,8.68,0.0,0.0,0.0,0.0,人口红利驱动教育投资，在线教育快速扩张,"Demographic dividend drives education investment, online education expands rapidly"
亚洲,Asia (East+SE+South+Central-West),ENG,工程与制造,2026,5.84,8.62,0.0,0.0,0.0,0.0,亚洲制造业核心地位稳固，工程师需求旺盛,"Asia's manufacturing core position solid, strong engineer demand"
亚洲,Asia (East+SE+South+Central-West),SKL,技术工种与手工业,2026,5.63,8.31,0.0,0.0,0.0,0.0,发达亚洲国家技工荒严重，薪资持续上涨,"Developed Asian countries face severe skilled worker shortage, wages keep rising"
亚洲,Asia (East+SE+South+Central-West),LAW,法律与社会服务,2026,5.62,8.3,0.0,0.0,0.0,0.0,法律服务市场快速增长，合规需求带动律师就业,"Legal services market growing fast, compliance needs drive lawyer employment"
亚洲,Asia (East+SE+South+Central-West),ART,文化、艺术与传媒,2026,5.49,8.1,0.0,0.0,0.0,0.0,K-pop/动漫/短视频推动亚洲文创产业全球化,K-pop/anime/short video drive Asian cultural creative industry globalization
亚洲,Asia (East+SE+South+Central-West),SVC,服务业与消费,2026,5.36,7.91,0.0,0.0,0.0,0.0,服务业吸纳亚洲最大就业，平台经济持续扩张,"Services absorb Asia's largest employment, platform economy keeps expanding"
亚洲,Asia (East+SE+South+Central-West),TRA,交通运输与物流,2026,5.25,7.75,0.0,0.0,0.0,0.0,电商物流带动配送员大军，网约车市场饱和,"E-commerce logistics drives delivery army, ride-hailing market saturated"
亚洲,Asia (East+SE+South+Central-West),AGR,农业、资源与环境,2026,5.19,7.66,0.0,0.0,0.0,0.0,亚洲是全球农业劳动力最多的地区，现代化转型中,"Asia has world's most agricultural workers, modernization underway"
亚洲,Asia (East+SE+South+Central-West),GOV,公共管理与公务员,2026,5.15,7.6,0.0,0.0,0.0,0.0,各国政府数字化转型推进，公务员IT技能需求上升,"Government digital transformation advances, civil servant IT skills in demand"
亚洲,Asia (East+SE+South+Central-West),TECH,信息技术与数字化,2035,7.74,10.39,1.37,0.0123,0.442,1.0,亚洲成为全球AI研发第二极，软件工程师需求井喷,"Asia becomes global AI R&D second pole, software engineer demand surges"
亚洲,Asia (East+SE+South+Central-West),ENG,工程与制造,2035,6.8,9.12,0.96,0.0,0.3631,0.6,智能工厂升级，传统产线工程师向自动化方向转型,"Smart factory upgrades, production line engineers shift to automation"
亚洲,Asia (East+SE+South+Central-West),MED,医疗与健康,2035,6.78,9.1,0.78,0.0,0.3798,0.4,远程医疗覆盖偏远地区，医学教育规模化,"Telemedicine reaches remote areas, medical education scales up"
亚洲,Asia (East+SE+South+Central-West),EDU,教育与学术,2035,6.57,8.82,0.69,0.0,0.1882,0.5,AI教学工具普及到农村，教师需求从数量转向质量,"AI teaching tools reach rural areas, teacher demand shifts from quantity to quality"
亚洲,Asia (East+SE+South+Central-West),FIN,金融与商业,2035,6.42,8.61,0.45,0.0111,0.321,0.2,数字银行取代传统网点，保险科技精简理赔,"Digital banks replace branches, insurtech streamlines claims"
亚洲,Asia (East+SE+South+Central-West),SKL,技术工种与手工业,2035,6.27,8.41,0.64,0.0,0.2391,0.4,智能工具辅助施工，但建筑/维修技工需求依然旺盛,"Smart tools assist construction, but building/repair technician demand still strong"
亚洲,Asia (East+SE+South+Central-West),ART,文化、艺术与传媒,2035,6.11,8.2,0.62,0.0,0.2221,0.4,AI内容生成工具降低创作门槛，创意人才竞争加剧,"AI content tools lower creation barriers, creative talent competition intensifies"
亚洲,Asia (East+SE+South+Central-West),SVC,服务业与消费,2035,6.1,8.18,0.74,0.0,0.2437,0.5,养老/护理服务需求暴增(日韩中)，年轻东南亚劳动力输出,"Elderly/care service demand surges (JP/KR/CN), young SE Asian labor exports"
亚洲,Asia (East+SE+South+Central-West),LAW,法律与社会服务,2035,5.92,7.94,0.3,0.0,0.2013,0.1,AI法律助手普及，初级律师岗位竞争加剧,"AI legal assistants widespread, junior lawyer positions face intense competition"
亚洲,Asia (East+SE+South+Central-West),AGR,农业、资源与环境,2035,5.48,7.35,0.29,0.009,0.1453,0.2,精准农业技术扩散，小农经济开始整合,"Precision agriculture tech spreads, smallholder farming begins consolidating"
亚洲,Asia (East+SE+South+Central-West),GOV,公共管理与公务员,2035,5.19,6.96,0.04,0.0027,0.0474,0.0,电子政务减少窗口岗位，但地区差异仍大,"E-government reduces counter positions, but regional disparities remain large"
亚洲,Asia (East+SE+South+Central-West),TRA,交通运输与物流,2035,5.15,6.91,-0.1,0.0125,0.2652,-0.3,自动驾驶在发达亚洲城市部署，东南亚仍以人力为主,"Autonomous driving deployed in developed Asian cities, SE Asia still labor-based"
亚洲,Asia (East+SE+South+Central-West),TECH,信息技术与数字化,2045,8.04,10.62,1.67,0.0594,0.7481,1.3,数字经济渗透率追平发达国家，基础IT岗位过剩,"Digital economy penetration catches up with developed nations, basic IT roles oversupplied"
亚洲,Asia (East+SE+South+Central-West),MED,医疗与健康,2045,7.39,9.76,1.39,0.0082,0.6427,0.8,亚洲老龄化加速(日韩中)，医疗需求持续攀升,"Asian aging accelerates (JP/KR/CN), healthcare demand keeps climbing"
亚洲,Asia (East+SE+South+Central-West),EDU,教育与学术,2045,7.0,9.25,1.12,0.0,0.3185,0.8,亚洲大学国际化程度大幅提升，跨境教育就业增长,"Asian university internationalization rises sharply, cross-border education employment grows"
亚洲,Asia (East+SE+South+Central-West),ENG,工程与制造,2045,6.88,9.09,1.04,0.0122,0.6145,0.5,亚洲主导新能源供应链，绿色工程师全球最稀缺,"Asia dominates new energy supply chains, green engineers globally scarce"
亚洲,Asia (East+SE+South+Central-West),SVC,服务业与消费,2045,6.64,8.77,1.28,0.0046,0.4124,0.9,服务机器人进入家庭，但人类护理仍不可替代,"Service robots enter homes, but human care still irreplaceable"
亚洲,Asia (East+SE+South+Central-West),SKL,技术工种与手工业,2045,6.63,8.76,1.0,0.0,0.4047,0.6,亚洲基础设施维护进入高峰期，技工需求稳定,"Asian infrastructure maintenance enters peak period, technician demand stable"
亚洲,Asia (East+SE+South+Central-West),ART,文化、艺术与传媒,2045,6.32,8.35,0.83,0.0079,0.3759,0.5,虚拟偶像与AI创作挑战传统艺人，但现场演出需求反增,"Virtual idols and AI creation challenge traditional artists, but live performance demand rises"
亚洲,Asia (East+SE+South+Central-West),FIN,金融与商业,2045,5.99,7.91,0.02,0.0543,0.5433,-0.2,AI理财顾问普及，人工理财师仅服务超高净值客户,"AI financial advisors widespread, human advisors only for UHNW clients"
亚洲,Asia (East+SE+South+Central-West),LAW,法律与社会服务,2045,5.96,7.87,0.34,0.0,0.3407,0.0,跨境电商纠纷处理AI化，知识产权法成增长点,"Cross-border e-commerce dispute AI-handled, IP law becomes growth area"
亚洲,Asia (East+SE+South+Central-West),AGR,农业、资源与环境,2045,5.48,7.24,0.29,0.0494,0.2459,0.3,农业科技缩小产量差距，农业人口转移加速,"Agtech narrows yield gaps, rural-to-urban migration accelerates"
亚洲,Asia (East+SE+South+Central-West),GOV,公共管理与公务员,2045,4.79,6.33,-0.36,0.0284,0.0802,-0.3,AI辅助决策进入政府体系，政策研究员需求增加,"AI-assisted decision-making enters government, policy researcher demand grows"
亚洲,Asia (East+SE+South+Central-West),TRA,交通运输与物流,2045,4.58,6.05,-0.67,0.0609,0.4488,-0.8,自动驾驶全面扩展，数百万驾驶岗位消失,"Autonomous driving fully expands, millions of driving jobs disappear"
亚洲,Asia (East+SE+South+Central-West),MED,医疗与健康,2055,7.92,10.49,1.92,0.0135,0.8022,1.2,医疗AI缩小城乡差距，但高端医疗人才仍集中在都市,"Medical AI narrows urban-rural gap, but top talent still concentrates in cities"
亚洲,Asia (East+SE+South+Central-West),TECH,信息技术与数字化,2055,7.86,10.41,1.49,0.0706,0.9337,1.0,AI原生企业主导，技术岗位向创新与本地化方向演变,"AI-native companies dominate, tech roles evolve toward innovation and localization"
亚洲,Asia (East+SE+South+Central-West),SVC,服务业与消费,2055,7.13,9.45,1.77,0.0079,0.5147,1.3,体验消费主导，服务从标准化转向极致个性化,"Experience consumption dominates, services shift from standardized to ultra-personalized"
亚洲,Asia (East+SE+South+Central-West),EDU,教育与学术,2055,6.98,9.25,1.1,0.0,0.3975,0.7,终身学习平台成熟，传统学校教师角色转型为学习设计师,"Lifelong learning platforms mature, traditional teachers transform to learning designers"
亚洲,Asia (East+SE+South+Central-West),SKL,技术工种与手工业,2055,6.83,9.05,1.2,0.0,0.5051,0.7,3D打印/机器人替代部分技工，但精细作业仍需人工,"3D printing/robots replace some technicians, but fine work still needs humans"
亚洲,Asia (East+SE+South+Central-West),ENG,工程与制造,2055,6.7,8.88,0.86,0.0185,0.767,0.2,制造业高端化完成，低端产线完全自动化,"Manufacturing upscaling complete, low-end lines fully automated"
亚洲,Asia (East+SE+South+Central-West),ART,文化、艺术与传媒,2055,6.19,8.2,0.7,0.0125,0.4692,0.3,沉浸式体验经济爆发，空间设计与叙事人才紧缺,"Immersive experience economy explodes, spatial design and narrative talent scarce"
亚洲,Asia (East+SE+South+Central-West),LAW,法律与社会服务,2055,5.94,7.87,0.32,0.0,0.4252,-0.1,法律AI处理90%标准案件，律师聚焦创新法律与调解,"Legal AI handles 90% standard cases, lawyers focus on innovative law and mediation"
亚洲,Asia (East+SE+South+Central-West),FIN,金融与商业,2055,5.76,7.63,-0.21,0.0648,0.6781,-0.5,跨境数字货币体系成熟，国际金融人才结构性转型,"Cross-border digital currency mature, international finance structural transformation"
亚洲,Asia (East+SE+South+Central-West),AGR,农业、资源与环境,2055,5.38,7.13,0.19,0.0605,0.3069,0.2,垂直农场在亚洲城市兴起，传统农业就业继续缩减,"Vertical farms rise in Asian cities, traditional agriculture employment keeps shrinking"
亚洲,Asia (East+SE+South+Central-West),GOV,公共管理与公务员,2055,4.55,6.03,-0.6,0.0386,0.1001,-0.5,政府规模普遍缩减，聚焦监管与公共服务设计,"Government size generally reduced, focusing on regulation and public service design"
亚洲,Asia (East+SE+South+Central-West),TRA,交通运输与物流,2055,4.23,5.6,-1.02,0.0726,0.5602,-1.2,无人配送成为标准，物流管理平台化、算法化,"Unmanned delivery becomes standard, logistics management platform-based, algorithm-driven"
亚洲,Asia (East+SE+South+Central-West),MED,医疗与健康,2065,8.42,11.19,2.42,0.0135,0.8989,1.6,亚洲成为全球医疗旅游中心，医疗出口带动就业,"Asia becomes global medical tourism hub, healthcare exports drive employment"
亚洲,Asia (East+SE+South+Central-West),TECH,信息技术与数字化,2065,7.57,10.06,1.2,0.0706,1.0463,0.6,技术人才跨境流动加剧，亚洲技术生态自成体系,"Tech talent cross-border mobility intensifies, Asia tech ecosystem self-contained"
亚洲,Asia (East+SE+South+Central-West),SVC,服务业与消费,2065,7.39,9.82,2.03,0.0079,0.5767,1.5,银发经济+情感经济成为服务业双引擎,Silver economy + emotional economy become dual engines of services
亚洲,Asia (East+SE+South+Central-West),EDU,教育与学术,2065,6.83,9.08,0.95,0.0,0.4455,0.5,教育科技成亚洲出口优势产业，相关就业增长,"Edtech becomes Asian export advantage, related employment grows"
亚洲,Asia (East+SE+South+Central-West),SKL,技术工种与手工业,2065,6.79,9.02,1.16,0.0,0.566,0.6,技工岗位高端化，跨技能复合型人才受追捧,"Skilled trades go upscale, cross-skill versatile talent in high demand"
亚洲,Asia (East+SE+South+Central-West),ENG,工程与制造,2065,6.39,8.49,0.55,0.0185,0.8595,-0.2,工程向太空/海洋/极端环境延伸，少量精英岗位,"Engineering extends to space/ocean/extreme environments, few elite roles"
亚洲,Asia (East+SE+South+Central-West),LAW,法律与社会服务,2065,6.1,8.11,0.48,0.0,0.4765,0.0,数据主权与AI伦理催生新型法律需求,Data sovereignty and AI ethics create new legal demand
亚洲,Asia (East+SE+South+Central-West),ART,文化、艺术与传媒,2065,6.05,8.04,0.56,0.0125,0.5258,0.1,文化输出成为亚洲软实力核心，文创就业持续增长,"Cultural export becomes Asian soft power core, creative employment continues growing"
亚洲,Asia (East+SE+South+Central-West),FIN,金融与商业,2065,5.94,7.89,-0.03,0.0648,0.7598,-0.4,金融岗位回稳，新型风险管理与ESG合规持续增长,"Financial roles stabilize, new risk management and ESG compliance grow"
亚洲,Asia (East+SE+South+Central-West),AGR,农业、资源与环境,2065,5.22,6.94,0.03,0.0605,0.344,0.0,农业高度工业化，但热带/亚热带作物仍需人工管理,"Agriculture highly industrialized, but tropical crops still need human management"
亚洲,Asia (East+SE+South+Central-West),GOV,公共管理与公务员,2065,4.36,5.79,-0.79,0.0386,0.1122,-0.7,跨国治理议题增多，国际公务员需求微增,"Cross-national governance issues grow, international civil servant demand slightly rises"
亚洲,Asia (East+SE+South+Central-West),TRA,交通运输与物流,2065,4.2,5.58,-1.05,0.0726,0.6277,-1.3,交通系统全面自动化，仅少量应急与维护岗位,"Transport system fully automated, only few emergency and maintenance roles"
亚洲,Asia (East+SE+South+Central-West),MED,医疗与健康,2076,8.68,11.52,2.68,0.0135,0.962,1.8,基因编辑与再生医学重塑医疗体系,Gene editing and regenerative medicine reshape healthcare systems
亚洲,Asia (East+SE+South+Central-West),SVC,服务业与消费,2076,7.53,9.99,2.17,0.0079,0.6172,1.6,服务业深度智能化但始终需要人的温度,Services deeply intelligent but always need human warmth
亚洲,Asia (East+SE+South+Central-West),TECH,信息技术与数字化,2076,7.34,9.74,0.97,0.0706,1.1197,0.3,技术就业趋于稳定，人机协作成标准工作模式,"Tech employment stabilizes, human-AI collaboration becomes standard"
亚洲,Asia (East+SE+South+Central-West),EDU,教育与学术,2076,6.76,8.97,0.88,0.0,0.4767,0.4,教育完全个性化，教育工作者聚焦社交情感学习,"Education fully personalized, educators focus on social-emotional learning"
亚洲,Asia (East+SE+South+Central-West),SKL,技术工种与手工业,2076,6.73,8.93,1.1,0.0,0.6058,0.5,自动化覆盖大部分标准作业，手工技艺成为高端服务,"Automation covers most standard work, handcraft becomes premium service"
亚洲,Asia (East+SE+South+Central-West),ENG,工程与制造,2076,6.25,8.3,0.41,0.0185,0.9198,-0.4,工程学与AI/生物融合，跨学科背景成为必备,"Engineering merges with AI/bio, interdisciplinary background essential"
亚洲,Asia (East+SE+South+Central-West),LAW,法律与社会服务,2076,6.23,8.27,0.61,0.0,0.51,0.1,法律体系全面适应AI社会，法律哲学研究重要性上升,"Legal system fully adapted to AI society, legal philosophy research gains importance"
亚洲,Asia (East+SE+South+Central-West),FIN,金融与商业,2076,6.09,8.08,0.12,0.0648,0.8132,-0.3,金融服务完全嵌入日常生活，独立金融岗位缩减,"Financial services fully embedded in daily life, standalone roles shrink"
亚洲,Asia (East+SE+South+Central-West),ART,文化、艺术与传媒,2076,5.98,7.94,0.49,0.0125,0.5627,0.0,人类艺术与AI艺术分化，手工艺/人类原创成奢侈品,"Human and AI art diverge, handcraft/human original becomes luxury"
亚洲,Asia (East+SE+South+Central-West),AGR,农业、资源与环境,2076,5.14,6.82,-0.05,0.0605,0.3681,-0.1,合成蛋白/人造肉挑战传统畜牧，农业就业结构根本转型,"Synthetic protein/cultured meat challenge traditional livestock, agriculture employment fundamentally transforms"
亚洲,Asia (East+SE+South+Central-West),TRA,交通运输与物流,2076,4.34,5.76,-0.91,0.0726,0.6718,-1.2,新型交通工具(飞行器等)创造少量专业运维岗,New transport modes (aircraft etc.) create few specialized O&M roles
亚洲,Asia (East+SE+South+Central-West),GOV,公共管理与公务员,2076,4.27,5.67,-0.88,0.0386,0.12,-0.8,政府角色进一步精简，AI承担大部分行政功能,"Government role further streamlined, AI handles most administrative functions"
欧洲,Europe (West+North+South+East),TECH,信息技术与数字化,2026,6.66,9.35,0.0,0.0,0.0,0.0,AI监管(EU AI Act)塑造负责任AI生态，合规技术需求增长,"EU AI Act shapes responsible AI ecosystem, compliance tech demand grows"
欧洲,Europe (West+North+South+East),MED,医疗与健康,2026,6.26,8.79,0.0,0.0,0.0,0.0,老龄化最严重地区，医护人员严重短缺,"Most aging region globally, severe healthcare worker shortage"
欧洲,Europe (West+North+South+East),FIN,金融与商业,2026,6.2,8.71,0.0,0.0,0.0,0.0,欧洲银行整合加速，金融科技挑战传统机构,"European bank consolidation accelerates, fintech challenges traditional institutions"
欧洲,Europe (West+North+South+East),EDU,教育与学术,2026,6.16,8.65,0.0,0.0,0.0,0.0,教育数字化转型加速，多语言AI教学工具兴起,"Education digital transformation accelerates, multilingual AI teaching tools emerge"
欧洲,Europe (West+North+South+East),ENG,工程与制造,2026,6.15,8.64,0.0,0.0,0.0,0.0,绿色转型推动风电/太阳能/氢能工程师需求猛增,Green transition drives wind/solar/hydrogen engineer demand surge
欧洲,Europe (West+North+South+East),SKL,技术工种与手工业,2026,6.0,8.43,0.0,0.0,0.0,0.0,技工严重短缺，薪资快速上涨，移民技工增加,"Severe skilled worker shortage, wages rising fast, immigrant technicians increasing"
欧洲,Europe (West+North+South+East),LAW,法律与社会服务,2026,5.93,8.33,0.0,0.0,0.0,0.0,GDPR/AI Act等法规创造大量合规律师需求,GDPR/AI Act create massive compliance lawyer demand
欧洲,Europe (West+North+South+East),ART,文化、艺术与传媒,2026,5.79,8.13,0.0,0.0,0.0,0.0,欧洲文化创意产业成熟，数字内容增长平稳,"European cultural creative industry mature, digital content steady growth"
欧洲,Europe (West+North+South+East),SVC,服务业与消费,2026,5.62,7.89,0.0,0.0,0.0,0.0,服务业是欧洲最大就业部门，数字化转型加速,"Services largest European employment sector, digital transformation accelerates"
欧洲,Europe (West+North+South+East),TRA,交通运输与物流,2026,5.57,7.82,0.0,0.0,0.0,0.0,欧洲铁路复兴+电动化，短途航空需求下降,"European rail revival + electrification, short-haul aviation demand drops"
欧洲,Europe (West+North+South+East),AGR,农业、资源与环境,2026,5.5,7.72,0.0,0.0,0.0,0.0,CAP改革推动可持续农业，有机农业增长,"CAP reform promotes sustainable agriculture, organic farming grows"
欧洲,Europe (West+North+South+East),GOV,公共管理与公务员,2026,5.36,7.53,0.0,0.0,0.0,0.0,欧洲政府规模庞大但效率改革压力增加,European government large but efficiency reform pressure increases
欧洲,Europe (West+North+South+East),TECH,信息技术与数字化,2035,7.64,9.92,0.98,0.0111,0.4575,0.6,欧洲AI自主化推进，但人才竞争不敌美亚，远程+移民补缺,"European AI autonomy advances, but talent competition lags US/Asia, remote+immigration fills gaps"
欧洲,Europe (West+North+South+East),MED,医疗与健康,2035,7.36,9.56,1.1,0.0,0.3953,0.7,高龄护理危机加深，大量引进亚非医护移民,"Elderly care crisis deepens, massive healthcare worker immigration from Asia/Africa"
欧洲,Europe (West+North+South+East),ENG,工程与制造,2035,7.23,9.39,1.08,0.0,0.3786,0.7,碳中和工程全面展开，建筑翻新/电网升级创造大量工程岗,"Carbon neutrality engineering fully underway, building renovation/grid upgrade creates many roles"
欧洲,Europe (West+North+South+East),SKL,技术工种与手工业,2035,6.87,8.92,0.87,0.0,0.2745,0.6,绿色建筑改造创造海量技工需求，供不应求持续,"Green building renovation creates massive technician demand, shortage persists"
欧洲,Europe (West+North+South+East),EDU,教育与学术,2035,6.55,8.51,0.39,0.0,0.1888,0.2,终身学习政策制度化，成人再教育市场扩大,"Lifelong learning policies institutionalized, adult re-education market expands"
欧洲,Europe (West+North+South+East),SVC,服务业与消费,2035,6.28,8.15,0.66,0.0,0.2602,0.4,养老护理需求爆发，服务业就业增长核心来自护理经济,"Elderly care demand explodes, services employment growth core from care economy"
欧洲,Europe (West+North+South+East),ART,文化、艺术与传媒,2035,6.19,8.04,0.4,0.0,0.2024,0.2,AI内容生成挑战欧洲创意传统，保护原创政策出台,"AI content generation challenges European creative tradition, originality protection policies emerge"
欧洲,Europe (West+North+South+East),FIN,金融与商业,2035,6.17,8.01,-0.03,0.0106,0.3365,-0.3,数字欧元落地，传统支付岗位消失，ESG金融快速增长,"Digital Euro launches, traditional payment roles disappear, ESG finance grows rapidly"
欧洲,Europe (West+North+South+East),LAW,法律与社会服务,2035,6.13,7.96,0.2,0.0,0.2068,0.0,法律科技普及，文档审核自动化，但隐私法持续创造岗位,"Legal tech widespread, document review automated, but privacy law keeps creating roles"
欧洲,Europe (West+North+South+East),AGR,农业、资源与环境,2035,5.91,7.67,0.41,0.0098,0.1685,0.3,精准农业全面推广，农业人口继续减少,"Precision agriculture fully adopted, agricultural population continues declining"
欧洲,Europe (West+North+South+East),TRA,交通运输与物流,2035,5.38,6.99,-0.19,0.0122,0.2807,-0.4,自动驾驶在高速公路普及，城市配送仍以人力为主,"Autonomous driving on highways widespread, urban delivery still labor-based"
欧洲,Europe (West+North+South+East),GOV,公共管理与公务员,2035,5.3,6.88,-0.06,0.0024,0.0474,-0.1,AI行政减少公务员需求，但社会保障复杂度升高,"AI administration reduces civil servant needs, but social security complexity rises"
欧洲,Europe (West+North+South+East),MED,医疗与健康,2045,8.17,10.43,1.91,0.0099,0.6689,1.3,AI诊疗提高效率但无法替代人力护理，护理岗持续增长,"AI diagnosis improves efficiency but cannot replace human care, nursing roles keep growing"
欧洲,Europe (West+North+South+East),TECH,信息技术与数字化,2045,7.76,9.9,1.1,0.0565,0.7743,0.7,技术岗位稳定增长，绿色科技与隐私技术成欧洲优势,"Tech jobs stable growth, green tech and privacy tech become European advantages"
欧洲,Europe (West+North+South+East),ENG,工程与制造,2045,7.63,9.74,1.48,0.0106,0.6407,0.9,绿色基础设施建设高峰，工程就业黄金期,"Green infrastructure construction peak, engineering employment golden age"
欧洲,Europe (West+North+South+East),SKL,技术工种与手工业,2045,7.46,9.52,1.46,0.0,0.4646,1.0,技工成为中产核心职业，社会地位显著提升,"Skilled trades become core middle-class occupation, social status rises significantly"
欧洲,Europe (West+North+South+East),EDU,教育与学术,2045,6.88,8.78,0.72,0.0,0.3196,0.4,欧洲大学吸引全球学生，国际教育成支柱产业,"European universities attract global students, international education becomes pillar industry"
欧洲,Europe (West+North+South+East),SVC,服务业与消费,2045,6.74,8.6,1.12,0.0049,0.4404,0.7,服务机器人普及到餐饮/零售，人类转向高端服务,"Service robots widespread in dining/retail, humans shift to high-end services"
欧洲,Europe (West+North+South+East),ART,文化、艺术与传媒,2045,6.39,8.15,0.6,0.0066,0.3425,0.3,沉浸式文化体验(VR博物馆/数字剧院)成为主流,Immersive cultural experiences (VR museums/digital theaters) become mainstream
欧洲,Europe (West+North+South+East),LAW,法律与社会服务,2045,6.08,7.76,0.15,0.0,0.3501,-0.2,AI法官实验试点，人类法律从业者向调解与策略转型,"AI judge experiments piloted, human legal practitioners shift to mediation and strategy"
欧洲,Europe (West+North+South+East),AGR,农业、资源与环境,2045,5.9,7.53,0.4,0.0519,0.2852,0.4,欧洲农业高度机械化，但生态农业创造新岗位,"European agriculture highly mechanized, but ecological farming creates new roles"
欧洲,Europe (West+North+South+East),FIN,金融与商业,2045,5.74,7.33,-0.46,0.053,0.5695,-0.7,AI风控全面替代人工审核，合规岗位仍需人类判断,"AI risk control fully replaces manual review, compliance roles still need human judgment"
欧洲,Europe (West+North+South+East),GOV,公共管理与公务员,2045,4.9,6.25,-0.46,0.0265,0.0802,-0.4,跨国欧盟事务增多，国际公务员需求微增,"Cross-national EU affairs grow, international civil servant demand slightly rises"
欧洲,Europe (West+North+South+East),TRA,交通运输与物流,2045,4.71,6.01,-0.86,0.0596,0.475,-1.0,城市交通全面自动化，出租/公交司机岗位消失,"Urban transport fully automated, taxi/bus driver positions disappear"
欧洲,Europe (West+North+South+East),MED,医疗与健康,2055,8.9,11.26,2.64,0.0159,0.8349,1.9,欧洲成全球老龄化应对典范，医疗技术出口创造高端岗位,"Europe becomes global aging response model, medical tech exports create high-end roles"
欧洲,Europe (West+North+South+East),SKL,技术工种与手工业,2055,7.88,9.97,1.88,0.0,0.5799,1.3,机器人替代部分标准作业，但装修/维修/安装仍需人工,"Robots replace some standard work, but renovation/repair/installation still need humans"
欧洲,Europe (West+North+South+East),TECH,信息技术与数字化,2055,7.57,9.58,0.91,0.068,0.9664,0.4,AI监管经验成为全球标准，催生大量合规与治理岗位,"AI regulatory experience becomes global standard, creates many compliance and governance roles"
欧洲,Europe (West+North+South+East),ENG,工程与制造,2055,7.35,9.3,1.2,0.0163,0.7997,0.5,主要绿色改造完成，工程转向维护与优化,"Major green renovations complete, engineering shifts to maintenance and optimization"
欧洲,Europe (West+North+South+East),SVC,服务业与消费,2055,7.23,9.14,1.61,0.0084,0.5497,1.1,体验经济与健康服务成为服务业两大支柱,Experience economy and health services become two pillars of services
欧洲,Europe (West+North+South+East),EDU,教育与学术,2055,6.86,8.68,0.7,0.0,0.3989,0.3,AI教师处理知识传授，人类教师聚焦苏格拉底式引导,"AI teachers handle knowledge transfer, human teachers focus on Socratic guidance"
欧洲,Europe (West+North+South+East),LAW,法律与社会服务,2055,6.26,7.92,0.33,0.0,0.4369,-0.1,跨境法律纠纷AI处理，高端人权与国际法律仍需人类,"Cross-border legal disputes AI-handled, high-end human rights and international law still need humans"
欧洲,Europe (West+North+South+East),ART,文化、艺术与传媒,2055,6.25,7.91,0.46,0.0105,0.4275,0.1,人类原创成为奢侈品，欧洲工匠传统溢价上升,"Human originals become luxury, European artisan tradition premium rises"
欧洲,Europe (West+North+South+East),FIN,金融与商业,2055,6.02,7.61,-0.18,0.0637,0.7108,-0.5,金融岗位缩减趋稳，可持续金融与碳交易成新增长点,"Financial role reduction stabilizes, sustainable finance and carbon trading as new growth"
欧洲,Europe (West+North+South+East),AGR,农业、资源与环境,2055,5.8,7.34,0.3,0.0631,0.356,0.3,垂直农场与传统农场并存，农业科技人才需求增加,"Vertical and traditional farms coexist, agtech talent demand rises"
欧洲,Europe (West+North+South+East),GOV,公共管理与公务员,2055,4.57,5.78,-0.79,0.0362,0.1001,-0.7,政府职能进一步精简，智能公共服务取代窗口岗,"Government functions further streamlined, smart public services replace counter positions"
欧洲,Europe (West+North+South+East),TRA,交通运输与物流,2055,4.37,5.53,-1.2,0.0711,0.5929,-1.4,欧洲交通零排放目标达成，传统物流岗位大幅缩减,"Europe achieves zero-emission transport, traditional logistics roles sharply reduced"
欧洲,Europe (West+North+South+East),MED,医疗与健康,2065,9.4,11.84,3.14,0.0159,0.9356,2.3,老龄化高峰到达，医疗健康占GDP 15%+，就业第一大类,"Aging peak arrives, healthcare 15%+ of GDP, #1 employment category"
欧洲,Europe (West+North+South+East),SKL,技术工种与手工业,2065,7.75,9.76,1.75,0.0,0.6498,1.1,技工岗位高端化并向服务化转型,Skilled trades go upscale and shift toward service orientation
欧洲,Europe (West+North+South+East),SVC,服务业与消费,2065,7.59,9.56,1.97,0.0084,0.616,1.4,银发经济推动服务业持续增长，护理/陪伴岗最紧缺,"Silver economy drives continuous services growth, care/companion roles most scarce"
欧洲,Europe (West+North+South+East),TECH,信息技术与数字化,2065,7.49,9.43,0.83,0.068,1.0829,0.2,技术就业趋于平稳，欧洲重视人本科技(human-centric tech),"Tech employment plateaus, Europe emphasizes human-centric tech"
欧洲,Europe (West+North+South+East),ENG,工程与制造,2065,7.05,8.88,0.9,0.0163,0.8961,0.1,工程岗位回落，但核聚变/太空工程开辟新领域,"Engineering roles decline, but fusion/space engineering opens new fields"
欧洲,Europe (West+North+South+East),EDU,教育与学术,2065,6.81,8.58,0.65,0.0,0.447,0.2,教育工作者数量减少但地位升高，成为高端专业,"Fewer educators but higher status, becomes elite profession"
欧洲,Europe (West+North+South+East),LAW,法律与社会服务,2065,6.52,8.21,0.59,0.0,0.4896,0.1,新型伦理与科技法律需求增长，法律哲学家受青睐,"New ethics and tech legal demand grows, legal philosophers in demand"
欧洲,Europe (West+North+South+East),FIN,金融与商业,2065,6.31,7.95,0.11,0.0637,0.7965,-0.3,金融监管与技术深度融合，RegTech就业增长,"Financial regulation and tech deeply integrated, RegTech employment grows"
欧洲,Europe (West+North+South+East),ART,文化、艺术与传媒,2065,6.11,7.7,0.32,0.0105,0.4791,-0.1,文化遗产数字化保护创造新岗位，但总量有限,"Cultural heritage digital preservation creates new roles, but limited volume"
欧洲,Europe (West+North+South+East),AGR,农业、资源与环境,2065,5.65,7.12,0.15,0.0631,0.3989,0.1,气候变化影响南欧农业，北欧农业扩张,"Climate change impacts Southern European agriculture, Northern European agriculture expands"
欧洲,Europe (West+North+South+East),GOV,公共管理与公务员,2065,4.38,5.52,-0.98,0.0362,0.1122,-0.9,气候/移民/AI治理催生新型公共管理岗位,Climate/migration/AI governance creates new public management roles
欧洲,Europe (West+North+South+East),TRA,交通运输与物流,2065,4.34,5.47,-1.23,0.0711,0.6644,-1.5,超级高铁连接主要城市，运输效率极高但就业极低,"Hyperloop connects major cities, transport efficiency very high but employment very low"
欧洲,Europe (West+North+South+East),MED,医疗与健康,2076,9.66,12.15,3.4,0.0159,1.0013,2.5,再生医学延长健康寿命，医疗重心从治疗转向增强,"Regenerative medicine extends healthy lifespan, healthcare shifts from treatment to enhancement"
欧洲,Europe (West+North+South+East),SVC,服务业与消费,2076,7.83,9.85,2.21,0.0084,0.6592,1.6,服务业是人类就业绝对主体，AI辅助但无法取代温度,"Services absolute majority of human employment, AI assists but cannot replace warmth"
欧洲,Europe (West+North+South+East),SKL,技术工种与手工业,2076,7.59,9.55,1.59,0.0,0.6954,0.9,技工稀缺性达到历史峰值，成为高薪蓝领精英,"Skilled worker scarcity reaches historical peak, becomes high-paid blue-collar elite"
欧洲,Europe (West+North+South+East),TECH,信息技术与数字化,2076,7.37,9.27,0.71,0.068,1.1589,0.0,技术完全服务化，少量维护岗+大量AI伦理/政策岗,"Tech fully service-oriented, few maintenance + many AI ethics/policy roles"
欧洲,Europe (West+North+South+East),ENG,工程与制造,2076,6.81,8.56,0.66,0.0163,0.959,-0.2,工程学高度专业化，广义工程岗位持续缩减,"Engineering highly specialized, general engineering roles keep shrinking"
欧洲,Europe (West+North+South+East),EDU,教育与学术,2076,6.74,8.48,0.58,0.0,0.4783,0.1,教育融入社会每个角落，教育者角色碎片化但不可或缺,"Education embedded everywhere in society, educator role fragmented but indispensable"
欧洲,Europe (West+North+South+East),LAW,法律与社会服务,2076,6.65,8.36,0.72,0.0,0.524,0.2,法律体系面临后人类时代挑战，法律从业者极少但影响力大,"Legal system faces post-human era challenges, few practitioners but high influence"
欧洲,Europe (West+North+South+East),FIN,金融与商业,2076,6.46,8.12,0.26,0.0637,0.8524,-0.2,金融高度自动化，人类聚焦关系型银行与价值观投资,"Finance highly automated, humans focus on relationship banking and values investing"
欧洲,Europe (West+North+South+East),ART,文化、艺术与传媒,2076,6.04,7.6,0.25,0.0105,0.5127,-0.2,艺术成为人类独特性最后堡垒，高度精英化,"Art becomes last bastion of human uniqueness, highly elitist"
欧洲,Europe (West+North+South+East),AGR,农业、资源与环境,2076,5.58,7.02,0.08,0.0631,0.4269,0.0,合成食品技术挑战传统农业，农业就业进一步缩减,"Synthetic food tech challenges traditional agriculture, agricultural employment further shrinks"
欧洲,Europe (West+North+South+East),TRA,交通运输与物流,2076,4.49,5.65,-1.08,0.0711,0.711,-1.4,交通成为公共基础设施服务，几乎无独立就业岗位,"Transport becomes public utility, almost no independent employment"
欧洲,Europe (West+North+South+East),GOV,公共管理与公务员,2076,4.29,5.4,-1.07,0.0362,0.12,-1.0,政府角色转向协调与仲裁，行政功能高度自动化,"Government role shifts to coordination and arbitration, admin highly automated"
非洲,Africa (ZA+NG+KE+EG),TECH,信息技术与数字化,2026,6.05,9.3,0.0,0.0,0.0,0.0,移动互联网和金融科技跨越式发展，IT人才极度短缺,"Mobile internet and fintech leapfrog development, extreme IT talent shortage"
非洲,Africa (ZA+NG+KE+EG),MED,医疗与健康,2026,5.78,8.89,0.0,0.0,0.0,0.0,医疗资源极度匮乏，基层医护缺口巨大,"Extreme medical resource shortage, massive primary healthcare gap"
非洲,Africa (ZA+NG+KE+EG),FIN,金融与商业,2026,5.72,8.79,0.0,0.0,0.0,0.0,移动支付(M-Pesa模式)推动金融普惠，银行渗透率上升,"Mobile payments (M-Pesa model) drive financial inclusion, banking penetration rises"
非洲,Africa (ZA+NG+KE+EG),EDU,教育与学术,2026,5.63,8.66,0.0,0.0,0.0,0.0,非洲教育投资加速，基础教育教师大量招聘,"African education investment accelerates, massive basic education teacher recruitment"
非洲,Africa (ZA+NG+KE+EG),ENG,工程与制造,2026,5.55,8.53,0.0,0.0,0.0,0.0,基础设施建设高潮，土木/电气工程师极度短缺,"Infrastructure construction boom, civil/electrical engineers in extreme shortage"
非洲,Africa (ZA+NG+KE+EG),LAW,法律与社会服务,2026,5.46,8.39,0.0,0.0,0.0,0.0,法律服务需求随经济发展上升，合规意识增强,"Legal services demand rises with economic development, compliance awareness strengthens"
非洲,Africa (ZA+NG+KE+EG),SKL,技术工种与手工业,2026,5.42,8.33,0.0,0.0,0.0,0.0,建筑/电工/管工等技工需求旺盛，培训体系不足,"Construction/electrical/plumbing technician demand strong, training system insufficient"
非洲,Africa (ZA+NG+KE+EG),ART,文化、艺术与传媒,2026,5.35,8.23,0.0,0.0,0.0,0.0,Nollywood/Afrobeats全球走红，非洲文创产业崛起,"Nollywood/Afrobeats global success, African creative industry rises"
非洲,Africa (ZA+NG+KE+EG),SVC,服务业与消费,2026,5.16,7.93,0.0,0.0,0.0,0.0,非正规服务业吸纳大量青年就业,Informal services absorb massive youth employment
非洲,Africa (ZA+NG+KE+EG),AGR,农业、资源与环境,2026,5.02,7.72,0.0,0.0,0.0,0.0,农业仍是非洲第一大就业，现代化程度低,"Agriculture still Africa's #1 employment, low modernization"
非洲,Africa (ZA+NG+KE+EG),TRA,交通运输与物流,2026,4.97,7.64,0.0,0.0,0.0,0.0,摩托车/小型货车配送主导最后一公里,Motorcycle/minivan delivery dominates last mile
非洲,Africa (ZA+NG+KE+EG),GOV,公共管理与公务员,2026,4.93,7.58,0.0,0.0,0.0,0.0,非洲政府治理能力提升，公务员队伍逐步专业化,"African governance capacity improves, civil service gradually professionalizes"
非洲,Africa (ZA+NG+KE+EG),TECH,信息技术与数字化,2035,7.51,10.13,1.46,0.0157,0.353,1.2,非洲科技创业生态爆发，本土独角兽涌现,"African tech startup ecosystem explodes, local unicorns emerge"
非洲,Africa (ZA+NG+KE+EG),ENG,工程与制造,2035,6.76,9.12,1.21,0.0002,0.3089,0.9,非洲城市化加速，建筑/交通/水利工程大规模展开,"African urbanization accelerates, construction/transport/water engineering massive scale"
非洲,Africa (ZA+NG+KE+EG),EDU,教育与学术,2035,6.69,9.02,1.06,0.0,0.2574,0.8,EdTech平台覆盖偏远地区，教师角色从知识传授转向引导,"EdTech platforms reach remote areas, teacher role shifts from knowledge transfer to guidance"
非洲,Africa (ZA+NG+KE+EG),MED,医疗与健康,2035,6.64,8.95,0.86,0.0,0.3604,0.5,远程医疗+AI诊断大幅改善覆盖率，医护培训加速,"Telemedicine + AI diagnosis greatly improve coverage, healthcare training accelerates"
非洲,Africa (ZA+NG+KE+EG),FIN,金融与商业,2035,6.47,8.72,0.75,0.009,0.3017,0.5,非洲数字银行生态成熟，微型金融就业快速增长,"African digital banking ecosystem matures, microfinance employment grows rapidly"
非洲,Africa (ZA+NG+KE+EG),SKL,技术工种与手工业,2035,6.27,8.45,0.85,0.0,0.2546,0.6,城市化推动住房建设，技工需求持续增长,"Urbanization drives housing construction, technician demand keeps growing"
非洲,Africa (ZA+NG+KE+EG),ART,文化、艺术与传媒,2035,6.04,8.14,0.69,0.0,0.193,0.5,非洲文化输出加速，数字内容创作就业增长最快,"African cultural exports accelerate, digital content creation employment grows fastest"
非洲,Africa (ZA+NG+KE+EG),SVC,服务业与消费,2035,5.98,8.06,0.82,0.0,0.2204,0.6,平台经济正规化，服务业从非正规转向数字平台,"Platform economy formalization, services shift from informal to digital platforms"
非洲,Africa (ZA+NG+KE+EG),LAW,法律与社会服务,2035,5.81,7.83,0.35,0.0,0.1471,0.2,法律科技初步引入，但大部分法律工作仍为人工,"Legal tech initially introduced, but most legal work still manual"
非洲,Africa (ZA+NG+KE+EG),AGR,农业、资源与环境,2035,5.55,7.48,0.53,0.0081,0.1685,0.4,农业科技引入改善产量，但就业人口仍庞大,"Agtech introduction improves yields, but employment population still massive"
非洲,Africa (ZA+NG+KE+EG),TRA,交通运输与物流,2035,5.45,7.35,0.48,0.0126,0.2458,0.3,铁路/公路网扩建，传统运输就业增长强劲,"Rail/road network expansion, traditional transport employment grows strongly"
非洲,Africa (ZA+NG+KE+EG),GOV,公共管理与公务员,2035,4.99,6.73,0.06,0.0032,-0.0223,0.1,数字政务在部分国家推广，但整体仍以传统行政为主,"Digital governance adopted in some countries, but overall still traditional administration"
非洲,Africa (ZA+NG+KE+EG),TECH,信息技术与数字化,2045,8.04,10.43,1.99,0.0684,0.5974,1.8,数字经济成为GDP核心驱动力，IT岗位需求达到峰值,"Digital economy becomes GDP core driver, IT job demand peaks"
非洲,Africa (ZA+NG+KE+EG),EDU,教育与学术,2045,7.26,9.42,1.63,0.001,0.4356,1.2,非洲青年人口全球最多，教育需求空前旺盛,"Africa has world's most youth, education demand unprecedentedly strong"
非洲,Africa (ZA+NG+KE+EG),MED,医疗与健康,2045,7.25,9.41,1.47,0.006,0.61,0.9,非洲人口突破20亿，医疗需求增速全球最快,"Africa's population exceeds 2 billion, healthcare demand growth fastest globally"
非洲,Africa (ZA+NG+KE+EG),ENG,工程与制造,2045,7.2,9.34,1.65,0.0147,0.5228,1.2,可再生能源工程成为增长引擎，太阳能工程师需求爆发,"Renewable energy engineering becomes growth engine, solar engineer demand explodes"
非洲,Africa (ZA+NG+KE+EG),SKL,技术工种与手工业,2045,6.75,8.76,1.33,0.0,0.4309,0.9,技工培训体系逐步完善，供给改善但需求更大,"Technician training system gradually improves, supply improves but demand greater"
非洲,Africa (ZA+NG+KE+EG),SVC,服务业与消费,2045,6.5,8.44,1.34,0.0054,0.373,1.0,非洲中产崛起推动消费服务需求暴增,African middle class rise drives consumer service demand surge
非洲,Africa (ZA+NG+KE+EG),ART,文化、艺术与传媒,2045,6.33,8.22,0.98,0.0079,0.3267,0.7,AI创作工具普及，非洲创意人才聚焦本土文化叙事,"AI creation tools widespread, African creative talent focuses on local cultural narratives"
非洲,Africa (ZA+NG+KE+EG),FIN,金融与商业,2045,6.25,8.11,0.53,0.0495,0.5105,0.3,金融科技覆盖率达到中等收入国家水平，传统银行岗位开始缩减,"Fintech coverage reaches middle-income country level, traditional banking roles begin shrinking"
非洲,Africa (ZA+NG+KE+EG),LAW,法律与社会服务,2045,5.99,7.77,0.53,0.0026,0.249,0.3,商业法/投资法需求增长，国际律师事务所大量设立非洲分所,"Commercial/investment law demand grows, international law firms establish Africa offices"
非洲,Africa (ZA+NG+KE+EG),AGR,农业、资源与环境,2045,5.67,7.36,0.65,0.0471,0.2852,0.6,机械化加速，农业就业人口开始缩减,"Mechanization accelerates, agricultural employment population begins declining"
非洲,Africa (ZA+NG+KE+EG),TRA,交通运输与物流,2045,5.08,6.59,0.11,0.0611,0.416,0.0,部分城市引入自动驾驶，但大部分仍以人力运输为主,"Some cities introduce autonomous driving, but most still labor-based transport"
非洲,Africa (ZA+NG+KE+EG),GOV,公共管理与公务员,2045,4.73,6.14,-0.2,0.0316,-0.0377,0.0,政府规模随经济增长扩大，但效率改革压力增加,"Government size grows with economy, but efficiency reform pressure increases"
非洲,Africa (ZA+NG+KE+EG),TECH,信息技术与数字化,2055,7.82,10.19,1.77,0.0791,0.7456,1.5,AI工具降低技术门槛，IT就业从精英化转向大众化,"AI tools lower tech barriers, IT employment shifts from elite to mass"
非洲,Africa (ZA+NG+KE+EG),MED,医疗与健康,2055,7.78,10.14,2.0,0.01,0.7613,1.3,医疗基础设施改善，专科医生和护理人才持续增长,"Healthcare infrastructure improves, specialist and nursing talent continues growing"
非洲,Africa (ZA+NG+KE+EG),EDU,教育与学术,2055,7.16,9.33,1.53,0.0018,0.5437,1.0,职业教育体系成熟，技能培训师成为高需求岗位,"Vocational education system matures, skills trainers become high-demand roles"
非洲,Africa (ZA+NG+KE+EG),ENG,工程与制造,2055,7.09,9.24,1.54,0.0218,0.6525,1.0,主要基础设施建设完成，工程转向维护与升级,"Major infrastructure construction complete, engineering shifts to maintenance and upgrades"
非洲,Africa (ZA+NG+KE+EG),SKL,技术工种与手工业,2055,7.06,9.2,1.64,0.0,0.5378,1.1,工业化推动工厂技术工人需求，但自动化开始蚕食低端岗,"Industrialization drives factory technician demand, but automation begins eroding low-end roles"
非洲,Africa (ZA+NG+KE+EG),SVC,服务业与消费,2055,6.98,9.1,1.82,0.009,0.4656,1.4,医疗/教育/养老服务需求持续扩大,Healthcare/education/elderly service demand keeps expanding
非洲,Africa (ZA+NG+KE+EG),ART,文化、艺术与传媒,2055,6.19,8.07,0.84,0.0125,0.4077,0.5,非洲成为全球文化多样性供给中心,Africa becomes global cultural diversity supply center
非洲,Africa (ZA+NG+KE+EG),FIN,金融与商业,2055,6.01,7.83,0.29,0.0608,0.6372,0.0,金融岗位增长放缓，AI处理大部分标准交易,"Financial role growth slows, AI handles most standard transactions"
非洲,Africa (ZA+NG+KE+EG),LAW,法律与社会服务,2055,5.95,7.76,0.49,0.0044,0.3108,0.2,法律AI处理标准合同，但复杂法律和调解仍需人工,"Legal AI handles standard contracts, but complex law and mediation still need humans"
非洲,Africa (ZA+NG+KE+EG),AGR,农业、资源与环境,2055,5.58,7.27,0.56,0.0585,0.356,0.5,食品加工与农业服务创造新型就业机会,Food processing and agricultural services create new employment opportunities
非洲,Africa (ZA+NG+KE+EG),TRA,交通运输与物流,2055,4.63,6.03,-0.34,0.0727,0.5193,-0.5,自动驾驶逐步扩展，驾驶岗位开始缓慢缩减,"Autonomous driving gradually expands, driving positions begin slowly shrinking"
非洲,Africa (ZA+NG+KE+EG),GOV,公共管理与公务员,2055,4.47,5.83,-0.46,0.0425,-0.0471,-0.2,AI行政在城市试点，但农村地区仍需大量公务员,"AI administration piloted in cities, but rural areas still need many civil servants"
非洲,Africa (ZA+NG+KE+EG),MED,医疗与健康,2065,8.17,10.81,2.39,0.01,0.8531,1.6,非洲成为全球传染病防控中心，公卫人才国际需求大,"Africa becomes global infectious disease control center, public health talent in international demand"
非洲,Africa (ZA+NG+KE+EG),TECH,信息技术与数字化,2065,7.41,9.8,1.36,0.0791,0.8355,1.0,非洲成为全球科技外包新中心，技术就业规模庞大,"Africa becomes new global tech outsourcing center, massive tech employment"
非洲,Africa (ZA+NG+KE+EG),SVC,服务业与消费,2065,7.33,9.69,2.17,0.009,0.5217,1.7,服务业成为非洲第一大就业领域,Services become Africa's #1 employment sector
非洲,Africa (ZA+NG+KE+EG),EDU,教育与学术,2065,7.03,9.3,1.4,0.0018,0.6092,0.8,非洲大学国际影响力提升，学术就业增长,"African university international influence rises, academic employment grows"
非洲,Africa (ZA+NG+KE+EG),SKL,技术工种与手工业,2065,7.02,9.28,1.6,0.0,0.6027,1.0,技工岗位向中高端升级，基础技工被机器替代,"Skilled trades upgrade to mid-high end, basic technicians replaced by machines"
非洲,Africa (ZA+NG+KE+EG),ENG,工程与制造,2065,6.76,8.94,1.21,0.0218,0.7312,0.6,工业化深化但自动化追赶，传统工程岗开始缩减,"Industrialization deepens but automation catches up, traditional engineering roles begin shrinking"
非洲,Africa (ZA+NG+KE+EG),ART,文化、艺术与传媒,2065,6.04,7.99,0.69,0.0125,0.4569,0.3,文化创意产业成为GDP重要组成部分,Cultural creative industry becomes important GDP component
非洲,Africa (ZA+NG+KE+EG),FIN,金融与商业,2065,5.89,7.79,0.17,0.0608,0.714,-0.2,金融监管复杂化催生合规岗位，但总量不再增长,"Financial regulation complexity creates compliance roles, but total no longer growing"
非洲,Africa (ZA+NG+KE+EG),LAW,法律与社会服务,2065,5.88,7.78,0.42,0.0044,0.3482,0.1,非洲法律体系现代化基本完成，法治环境改善带动法律就业,"African legal system modernization largely complete, improved rule of law drives legal employment"
非洲,Africa (ZA+NG+KE+EG),AGR,农业、资源与环境,2065,5.43,7.18,0.41,0.0585,0.3989,0.3,非洲成为全球粮食安全关键供给方,Africa becomes critical global food security supplier
非洲,Africa (ZA+NG+KE+EG),TRA,交通运输与物流,2065,4.39,5.81,-0.58,0.0727,0.5819,-0.8,物流自动化追赶全球水平，运输就业明显下降,"Logistics automation catches up to global level, transport employment notably declines"
非洲,Africa (ZA+NG+KE+EG),GOV,公共管理与公务员,2065,4.26,5.63,-0.67,0.0425,-0.0528,-0.4,治理现代化加速，公务员总量开始缩减,"Governance modernization accelerates, total civil servant numbers begin declining"
非洲,Africa (ZA+NG+KE+EG),MED,医疗与健康,2076,8.43,11.26,2.65,0.01,0.913,1.8,医疗体系逐步追赶全球水平，健康管理意识普及,"Healthcare system gradually catches up to global level, health management awareness widespread"
非洲,Africa (ZA+NG+KE+EG),SVC,服务业与消费,2076,7.57,10.11,2.41,0.009,0.5584,1.9,服务经济全面成熟，但AI替代效应开始显现,"Service economy fully mature, but AI substitution effects begin appearing"
非洲,Africa (ZA+NG+KE+EG),TECH,信息技术与数字化,2076,7.17,9.57,1.12,0.0791,0.8941,0.7,技术就业增长放缓但基数大，AI原生工作方式成主流,"Tech employment growth slows but large base, AI-native work becomes mainstream"
非洲,Africa (ZA+NG+KE+EG),EDU,教育与学术,2076,6.87,9.17,1.24,0.0018,0.652,0.6,终身学习理念深入人心，教育工作者始终供不应求,"Lifelong learning deeply ingrained, educators always in short supply"
非洲,Africa (ZA+NG+KE+EG),SKL,技术工种与手工业,2076,6.86,9.16,1.44,0.0,0.645,0.8,技工稀缺度随自动化推进先降后升,Skilled worker scarcity first drops then rises with automation
非洲,Africa (ZA+NG+KE+EG),ENG,工程与制造,2076,6.52,8.71,0.97,0.0218,0.7825,0.3,工程学向可持续发展方向高度特化,Engineering highly specialized toward sustainable development
非洲,Africa (ZA+NG+KE+EG),ART,文化、艺术与传媒,2076,5.97,7.97,0.62,0.0125,0.489,0.2,非洲文化全球影响力达到历史顶峰,African culture reaches historical peak of global influence
非洲,Africa (ZA+NG+KE+EG),LAW,法律与社会服务,2076,5.91,7.89,0.45,0.0044,0.3727,0.1,法律服务普惠化，AI降低法律服务成本,"Legal services become inclusive, AI lowers legal service costs"
非洲,Africa (ZA+NG+KE+EG),FIN,金融与商业,2076,5.84,7.8,0.12,0.0608,0.7641,-0.3,金融完全数字化，人工岗位聚焦关系与信任建设,"Finance fully digital, human roles focus on relationships and trust building"
非洲,Africa (ZA+NG+KE+EG),AGR,农业、资源与环境,2076,5.26,7.02,0.24,0.0585,0.4269,0.1,农业就业大幅缩减但产出倍增，农业科技就业增长,"Agricultural employment sharply reduced but output doubles, agtech employment grows"
非洲,Africa (ZA+NG+KE+EG),TRA,交通运输与物流,2076,4.33,5.78,-0.64,0.0727,0.6227,-0.9,交通基础设施智能化完成，传统运输岗位大幅减少,"Transport infrastructure intelligent upgrade complete, traditional transport roles sharply reduced"
非洲,Africa (ZA+NG+KE+EG),GOV,公共管理与公务员,2076,4.16,5.55,-0.77,0.0425,-0.0565,-0.5,政府功能逐步AI化，但非洲进度慢于全球平均,"Government functions gradually AI-driven, but Africa pace slower than global average"
